{"cameraMode":{"drawMode":0,"name":"Shaded","section":"Shading Mode"},"sceneLighting":false,"audioPlay":false,"sceneViewState":{"m_AlwaysRefresh":false,"showFog":true,"showSkybox":false,"showFlares":true,"showImageEffects":true,"showParticleSystems":true,"showVisualEffectGraphs":true,"m_FxEnabled":true},"in2DMode":false,"pivot":{"x":0.04158824682235718,"y":-0.2632240056991577,"z":0.03821362555027008},"rotation":{"x":-0.07447170466184616,"y":-0.7114652991294861,"z":0.07628196477890015,"w":-0.6945852637290955},"size":0.4331930875778198,"orthographic":false}