{"cameraMode":{"drawMode":0,"name":"Shaded","section":"Shading Mode"},"sceneLighting":false,"audioPlay":false,"sceneViewState":{"m_AlwaysRefresh":false,"showFog":true,"showSkybox":false,"showFlares":true,"showImageEffects":true,"showParticleSystems":true,"showVisualEffectGraphs":true,"m_FxEnabled":true},"in2DMode":false,"pivot":{"x":0.3876851201057434,"y":-0.42578089237213137,"z":0.3640134334564209},"rotation":{"x":-0.0664515569806099,"y":0.9018149375915527,"z":-0.39981862902641299,"w":-0.14988495409488679},"size":2.1825931072235109,"orthographic":false}