{"cameraMode":{"drawMode":0,"name":"Shaded","section":"Shading Mode"},"sceneLighting":true,"audioPlay":false,"sceneViewState":{"m_AlwaysRefresh":false,"showFog":true,"showSkybox":true,"showFlares":true,"showImageEffects":true,"showParticleSystems":true,"showVisualEffectGraphs":true,"m_FxEnabled":true},"in2DMode":false,"pivot":{"x":4.130402088165283,"y":2.1722211837768556,"z":-4.886991500854492},"rotation":{"x":-0.2179604470729828,"y":-0.09585891664028168,"z":0.021517407149076463,"w":-0.9710010886192322},"size":0.39965084195137026,"orthographic":false}