{"cameraMode":{"drawMode":0,"name":"Shaded","section":"Shading Mode"},"sceneLighting":true,"audioPlay":false,"sceneViewState":{"m_AlwaysRefresh":false,"showFog":true,"showSkybox":true,"showFlares":true,"showImageEffects":true,"showParticleSystems":true,"showVisualEffectGraphs":true,"m_FxEnabled":true},"in2DMode":false,"pivot":{"x":-0.02341175079345703,"y":1.7528955936431885,"z":0.16641214489936829},"rotation":{"x":-0.07447170466184616,"y":-0.7114652991294861,"z":0.07628196477890015,"w":-0.6945852637290955},"size":5.468761920928955,"orthographic":false}